{
    "roles": [
        {
            "name": "admin",
            "permissions": [
                "create_record",
                "read_record",
                "update_record",
                "delete_record",
                "view_all_users"
            ]
        },
        {
            "name": "user",
            "permissions": ["create_record", "read_record", "update_record"]
        },
        {
            "name": "moderator",
            "permissions": ["create_record", "read_record"]
        }
    ]
}
